1,2,3,4,5,6,7,8,9,10,11,12,13,14,15,16,17,18,19,20,21,22,23,24,25,26,27,28,29,30,31,32,33
"(212, 192)","(205, 178)","(201, 178)","(196, 178)","(219, 180)","(223, 180)","(226, 181)","(194, 186)","(230, 189)","(204, 205)","(218, 207)","(132, 270)","(267, 279)","(118, 379)","(291, 383)","(125, 448)","(289, 458)","(132, 472)","(291, 482)","(137, 468)","(275, 478)","(140, 463)","(271, 466)","(177, 466)","(228, 472)","(176, 593)","(230, 603)","(174, 701)","(223, 716)","(178, 724)","(227, 738)","(166, 698)","(205, 725)"
"(212, 192)","(205, 178)","(201, 178)","(196, 178)","(219, 180)","(223, 181)","(227, 181)","(193, 186)","(230, 189)","(204, 205)","(218, 207)","(133, 270)","(267, 278)","(119, 379)","(291, 382)","(125, 444)","(292, 457)","(127, 471)","(295, 481)","(134, 465)","(281, 475)","(138, 460)","(278, 465)","(177, 466)","(236, 472)","(178, 591)","(232, 604)","(176, 673)","(223, 721)","(188, 704)","(226, 739)","(168, 676)","(204, 731)"
"(209, 192)","(204, 179)","(199, 179)","(195, 179)","(217, 180)","(221, 181)","(225, 182)","(191, 187)","(230, 189)","(202, 205)","(215, 206)","(132, 270)","(267, 278)","(118, 379)","(291, 382)","(120, 442)","(294, 455)","(119, 470)","(297, 480)","(127, 465)","(283, 471)","(133, 453)","(280, 462)","(177, 467)","(240, 475)","(180, 589)","(233, 603)","(180, 664)","(223, 721)","(189, 685)","(226, 739)","(169, 665)","(204, 731)"
"(207, 193)","(202, 181)","(197, 181)","(193, 181)","(215, 182)","(220, 182)","(224, 183)","(188, 188)","(230, 191)","(199, 205)","(213, 206)","(132, 271)","(267, 278)","(117, 378)","(292, 380)","(120, 432)","(299, 454)","(121, 450)","(305, 478)","(128, 444)","(293, 469)","(133, 439)","(288, 461)","(176, 467)","(241, 474)","(181, 580)","(235, 600)","(181, 649)","(223, 722)","(188, 667)","(225, 739)","(173, 653)","(206, 733)"
"(205, 195)","(200, 184)","(195, 183)","(191, 184)","(214, 184)","(218, 184)","(223, 185)","(186, 190)","(229, 193)","(197, 206)","(212, 207)","(132, 273)","(266, 278)","(115, 378)","(292, 380)","(123, 427)","(301, 453)","(122, 438)","(308, 477)","(129, 431)","(297, 469)","(134, 428)","(292, 461)","(176, 467)","(243, 474)","(188, 577)","(239, 598)","(188, 637)","(223, 722)","(193, 653)","(225, 739)","(177, 643)","(213, 736)"
"(201, 200)","(196, 188)","(192, 187)","(187, 187)","(208, 188)","(212, 188)","(217, 189)","(183, 194)","(224, 197)","(194, 210)","(208, 211)","(131, 276)","(263, 279)","(107, 378)","(293, 380)","(113, 409)","(305, 453)","(108, 414)","(312, 476)","(118, 407)","(304, 469)","(123, 406)","(298, 461)","(176, 468)","(242, 474)","(195, 575)","(239, 595)","(199, 634)","(224, 722)","(206, 648)","(225, 738)","(187, 638)","(215, 733)"
"(199, 204)","(194, 192)","(189, 192)","(185, 192)","(206, 192)","(211, 192)","(215, 192)","(180, 198)","(222, 200)","(192, 214)","(206, 215)","(129, 280)","(261, 283)","(99, 377)","(295, 380)","(109, 396)","(310, 448)","(105, 399)","(316, 472)","(116, 393)","(308, 466)","(120, 392)","(303, 458)","(176, 472)","(241, 476)","(193, 567)","(239, 595)","(203, 626)","(224, 723)","(209, 639)","(224, 739)","(190, 639)","(216, 733)"
"(195, 208)","(190, 196)","(185, 196)","(181, 196)","(203, 195)","(208, 195)","(212, 195)","(176, 202)","(220, 203)","(188, 218)","(202, 218)","(128, 283)","(260, 286)","(92, 377)","(296, 380)","(107, 386)","(318, 442)","(104, 388)","(322, 468)","(115, 381)","(316, 464)","(119, 381)","(312, 455)","(175, 476)","(241, 479)","(192, 567)","(239, 595)","(203, 628)","(224, 721)","(211, 641)","(224, 738)","(193, 638)","(216, 733)"
"(189, 211)","(184, 199)","(180, 199)","(176, 199)","(196, 199)","(200, 199)","(204, 199)","(173, 205)","(212, 206)","(182, 222)","(194, 222)","(126, 284)","(256, 286)","(91, 375)","(296, 378)","(110, 395)","(325, 436)","(110, 400)","(329, 459)","(124, 394)","(324, 456)","(125, 393)","(321, 448)","(175, 475)","(240, 478)","(190, 564)","(238, 595)","(201, 625)","(223, 719)","(208, 636)","(223, 735)","(196, 637)","(217, 732)"
"(189, 211)","(183, 199)","(180, 200)","(176, 200)","(194, 199)","(198, 199)","(202, 199)","(173, 205)","(209, 206)","(182, 222)","(194, 221)","(126, 284)","(253, 286)","(87, 372)","(297, 373)","(109, 383)","(334, 431)","(107, 385)","(336, 452)","(120, 377)","(331, 447)","(123, 377)","(329, 440)","(174, 475)","(235, 478)","(190, 566)","(237, 594)","(200, 628)","(224, 709)","(207, 641)","(225, 724)","(194, 637)","(217, 728)"
"(186, 211)","(181, 200)","(177, 200)","(174, 201)","(193, 199)","(197, 199)","(201, 199)","(170, 206)","(209, 206)","(180, 222)","(193, 222)","(125, 284)","(251, 286)","(86, 371)","(297, 369)","(110, 387)","(339, 420)","(109, 391)","(341, 437)","(121, 384)","(337, 431)","(124, 384)","(335, 427)","(171, 475)","(233, 476)","(189, 566)","(235, 591)","(199, 647)","(226, 705)","(206, 658)","(228, 720)","(192, 640)","(219, 724)"
"(184, 212)","(179, 201)","(176, 201)","(173, 201)","(190, 200)","(193, 200)","(197, 200)","(170, 206)","(204, 206)","(179, 222)","(190, 222)","(126, 284)","(251, 285)","(97, 366)","(299, 366)","(149, 365)","(347, 413)","(152, 364)","(351, 428)","(163, 356)","(346, 424)","(165, 357)","(343, 417)","(171, 474)","(230, 474)","(181, 561)","(235, 582)","(198, 649)","(227, 690)","(207, 668)","(229, 708)","(186, 642)","(221, 707)"
"(185, 213)","(180, 201)","(177, 202)","(174, 202)","(191, 201)","(194, 201)","(197, 201)","(171, 207)","(205, 207)","(180, 223)","(191, 223)","(126, 284)","(252, 285)","(111, 366)","(303, 365)","(142, 361)","(355, 406)","(143, 361)","(362, 418)","(154, 352)","(356, 412)","(156, 353)","(352, 408)","(171, 474)","(229, 474)","(181, 561)","(235, 578)","(197, 649)","(230, 682)","(205, 671)","(230, 702)","(186, 641)","(227, 694)"
"(186, 212)","(181, 201)","(178, 201)","(175, 202)","(191, 201)","(194, 201)","(198, 201)","(172, 207)","(204, 207)","(181, 223)","(192, 223)","(126, 283)","(252, 285)","(120, 363)","(307, 363)","(162, 363)","(368, 402)","(166, 363)","(380, 412)","(178, 357)","(375, 405)","(179, 358)","(367, 402)","(172, 474)","(227, 474)","(182, 563)","(235, 573)","(196, 655)","(233, 675)","(204, 676)","(232, 696)","(186, 642)","(226, 658)"
"(187, 212)","(181, 201)","(178, 201)","(175, 202)","(192, 201)","(195, 201)","(198, 201)","(172, 208)","(205, 207)","(181, 223)","(192, 223)","(126, 283)","(252, 285)","(95, 349)","(309, 358)","(104, 339)","(373, 395)","(101, 338)","(385, 406)","(112, 332)","(380, 400)","(115, 334)","(374, 397)","(172, 474)","(227, 473)","(182, 561)","(235, 567)","(195, 655)","(236, 663)","(201, 676)","(234, 683)","(186, 642)","(228, 648)"
"(187, 212)","(182, 201)","(178, 201)","(175, 202)","(192, 201)","(195, 201)","(198, 201)","(172, 208)","(206, 207)","(181, 223)","(192, 223)","(126, 282)","(252, 285)","(87, 349)","(315, 356)","(95, 347)","(379, 387)","(92, 348)","(393, 398)","(103, 341)","(387, 391)","(106, 342)","(381, 388)","(174, 474)","(227, 473)","(183, 561)","(236, 568)","(195, 654)","(239, 662)","(201, 675)","(238, 681)","(186, 642)","(238, 661)"
"(187, 212)","(182, 201)","(178, 201)","(175, 202)","(192, 200)","(196, 200)","(199, 201)","(172, 208)","(206, 207)","(182, 223)","(193, 223)","(126, 281)","(252, 285)","(85, 342)","(322, 351)","(95, 340)","(381, 376)","(93, 342)","(395, 387)","(103, 336)","(387, 379)","(107, 337)","(382, 377)","(174, 474)","(226, 472)","(183, 562)","(236, 563)","(195, 651)","(242, 655)","(201, 671)","(243, 675)","(189, 642)","(242, 657)"
"(187, 212)","(182, 201)","(179, 201)","(175, 201)","(193, 200)","(196, 200)","(199, 201)","(172, 207)","(206, 207)","(182, 222)","(193, 222)","(127, 279)","(252, 284)","(88, 332)","(322, 348)","(103, 331)","(386, 367)","(106, 332)","(403, 378)","(117, 328)","(394, 373)","(118, 330)","(388, 371)","(176, 472)","(225, 471)","(187, 562)","(237, 561)","(197, 646)","(245, 651)","(195, 662)","(248, 671)","(193, 642)","(247, 658)"
"(187, 211)","(182, 201)","(179, 201)","(175, 201)","(192, 200)","(195, 200)","(198, 200)","(173, 207)","(205, 207)","(182, 221)","(193, 221)","(131, 275)","(252, 281)","(155, 324)","(299, 336)","(229, 328)","(346, 359)","(245, 328)","(365, 369)","(255, 324)","(364, 362)","(251, 327)","(354, 360)","(180, 466)","(224, 469)","(190, 559)","(237, 558)","(197, 640)","(244, 647)","(190, 647)","(247, 666)","(194, 640)","(244, 643)"
"(187, 210)","(182, 200)","(179, 201)","(175, 201)","(192, 200)","(195, 200)","(198, 200)","(173, 207)","(204, 206)","(182, 221)","(192, 220)","(133, 275)","(252, 280)","(136, 316)","(314, 325)","(181, 316)","(384, 350)","(185, 317)","(401, 362)","(194, 315)","(394, 358)","(195, 318)","(387, 356)","(181, 463)","(225, 467)","(188, 557)","(237, 555)","(197, 638)","(246, 645)","(185, 645)","(249, 662)","(182, 638)","(246, 636)"
"(188, 209)","(183, 199)","(180, 199)","(176, 200)","(193, 199)","(196, 199)","(199, 199)","(174, 206)","(206, 205)","(183, 218)","(194, 218)","(133, 272)","(252, 279)","(113, 312)","(323, 322)","(131, 319)","(398, 346)","(130, 322)","(415, 355)","(139, 320)","(410, 350)","(142, 322)","(400, 349)","(181, 460)","(225, 466)","(185, 553)","(236, 553)","(197, 636)","(245, 642)","(190, 649)","(248, 660)","(179, 635)","(244, 632)"
"(189, 208)","(185, 199)","(182, 199)","(179, 200)","(194, 199)","(196, 198)","(199, 199)","(177, 205)","(206, 205)","(186, 218)","(194, 218)","(150, 271)","(213, 282)","(260, 315)","(229, 326)","(375, 326)","(251, 346)","(408, 327)","(259, 353)","(415, 323)","(257, 349)","(401, 328)","(252, 350)","(188, 459)","(213, 465)","(185, 550)","(231, 550)","(200, 637)","(245, 641)","(190, 650)","(247, 660)","(185, 635)","(243, 642)"
"(192, 208)","(188, 199)","(185, 199)","(182, 200)","(196, 199)","(198, 199)","(201, 199)","(180, 205)","(206, 205)","(188, 218)","(196, 218)","(154, 271)","(214, 278)","(299, 313)","(210, 319)","(401, 329)","(218, 343)","(426, 332)","(221, 350)","(426, 328)","(219, 348)","(416, 331)","(216, 350)","(191, 457)","(211, 464)","(184, 547)","(227, 549)","(200, 636)","(245, 640)","(191, 650)","(247, 659)","(187, 634)","(242, 638)"
"(193, 208)","(190, 199)","(188, 199)","(186, 200)","(197, 198)","(199, 198)","(202, 199)","(183, 205)","(206, 205)","(191, 218)","(197, 218)","(206, 275)","(191, 278)","(317, 310)","(152, 307)","(407, 323)","(123, 324)","(429, 326)","(117, 327)","(430, 324)","(114, 326)","(420, 325)","(114, 329)","(195, 455)","(205, 461)","(185, 547)","(221, 546)","(200, 634)","(243, 637)","(192, 649)","(247, 657)","(190, 634)","(237, 642)"
"(194, 208)","(190, 199)","(187, 199)","(185, 199)","(199, 198)","(202, 198)","(206, 199)","(183, 205)","(211, 205)","(191, 218)","(200, 218)","(161, 271)","(243, 278)","(70, 285)","(319, 309)","(28, 289)","(399, 320)","(12, 292)","(417, 327)","(20, 291)","(417, 324)","(28, 293)","(409, 323)","(194, 456)","(220, 457)","(188, 548)","(223, 547)","(199, 635)","(243, 638)","(198, 652)","(247, 659)","(187, 634)","(242, 644)"
"(194, 208)","(190, 199)","(187, 199)","(185, 199)","(200, 199)","(203, 199)","(207, 199)","(182, 205)","(212, 205)","(191, 218)","(201, 218)","(147, 271)","(253, 277)","(56, 279)","(333, 309)","(9, 281)","(417, 319)","(-6, 285)","(436, 327)","(0, 283)","(436, 323)","(8, 285)","(428, 322)","(193, 455)","(225, 455)","(188, 548)","(224, 547)","(197, 634)","(243, 637)","(187, 651)","(247, 659)","(183, 634)","(246, 645)"
"(198, 208)","(194, 199)","(191, 199)","(188, 200)","(203, 199)","(206, 199)","(210, 199)","(185, 205)","(214, 205)","(194, 218)","(203, 218)","(143, 270)","(254, 277)","(78, 281)","(329, 308)","(63, 278)","(409, 316)","(54, 280)","(429, 325)","(63, 278)","(421, 320)","(68, 281)","(408, 317)","(194, 455)","(226, 456)","(190, 548)","(224, 547)","(197, 633)","(242, 637)","(187, 651)","(246, 659)","(189, 636)","(245, 646)"
"(198, 208)","(193, 199)","(190, 199)","(187, 199)","(203, 199)","(206, 199)","(209, 199)","(184, 205)","(214, 205)","(193, 218)","(203, 218)","(141, 270)","(254, 276)","(56, 280)","(336, 308)","(11, 276)","(415, 315)","(-5, 279)","(431, 323)","(3, 275)","(429, 319)","(11, 278)","(421, 318)","(194, 455)","(228, 456)","(190, 548)","(225, 544)","(197, 632)","(242, 634)","(188, 651)","(245, 657)","(189, 636)","(245, 646)"
"(197, 208)","(193, 198)","(190, 198)","(187, 199)","(203, 198)","(206, 199)","(210, 199)","(183, 205)","(215, 205)","(193, 217)","(203, 218)","(137, 268)","(256, 276)","(52, 272)","(339, 306)","(-16, 270)","(415, 314)","(-38, 272)","(432, 323)","(-33, 269)","(431, 319)","(-23, 272)","(423, 317)","(189, 454)","(234, 453)","(190, 547)","(230, 544)","(196, 633)","(244, 636)","(192, 656)","(246, 657)","(185, 633)","(245, 644)"
"(199, 208)","(194, 198)","(190, 198)","(187, 199)","(205, 198)","(208, 199)","(212, 199)","(183, 205)","(218, 205)","(194, 217)","(205, 218)","(136, 268)","(256, 275)","(55, 271)","(338, 306)","(-18, 267)","(416, 315)","(-42, 269)","(433, 322)","(-36, 264)","(432, 319)","(-25, 267)","(425, 318)","(189, 455)","(236, 453)","(191, 547)","(233, 544)","(196, 633)","(246, 636)","(195, 657)","(247, 657)","(184, 633)","(247, 643)"
"(198, 207)","(194, 198)","(190, 198)","(187, 198)","(205, 198)","(209, 198)","(213, 198)","(183, 205)","(219, 205)","(194, 217)","(205, 217)","(134, 268)","(258, 275)","(49, 277)","(339, 306)","(-11, 268)","(419, 316)","(-34, 270)","(436, 323)","(-28, 266)","(436, 320)","(-18, 268)","(430, 319)","(188, 455)","(240, 453)","(191, 546)","(237, 545)","(196, 635)","(248, 637)","(196, 660)","(248, 659)","(185, 629)","(247, 632)"
"(198, 207)","(194, 198)","(190, 198)","(187, 198)","(205, 198)","(208, 198)","(213, 198)","(183, 204)","(219, 205)","(194, 216)","(205, 217)","(135, 268)","(259, 275)","(53, 276)","(340, 305)","(-3, 270)","(416, 313)","(-22, 272)","(433, 321)","(-17, 269)","(432, 317)","(-8, 272)","(425, 316)","(188, 455)","(240, 452)","(191, 546)","(238, 545)","(195, 637)","(248, 638)","(196, 662)","(248, 660)","(186, 627)","(246, 628)"
"(199, 207)","(194, 198)","(190, 198)","(186, 198)","(205, 198)","(209, 198)","(214, 198)","(183, 205)","(221, 205)","(194, 216)","(206, 217)","(134, 268)","(260, 275)","(50, 276)","(341, 304)","(-3, 260)","(417, 312)","(-18, 259)","(434, 320)","(-13, 257)","(434, 316)","(-4, 260)","(427, 316)","(188, 456)","(243, 452)","(192, 546)","(240, 547)","(195, 642)","(249, 642)","(196, 669)","(249, 665)","(188, 627)","(245, 630)"
"(199, 207)","(194, 198)","(190, 198)","(186, 198)","(206, 198)","(210, 198)","(214, 198)","(183, 205)","(221, 206)","(194, 216)","(206, 217)","(135, 268)","(261, 275)","(54, 277)","(343, 304)","(0, 263)","(419, 311)","(-17, 264)","(435, 318)","(-11, 262)","(437, 314)","(-2, 265)","(430, 314)","(189, 456)","(243, 453)","(193, 546)","(240, 548)","(195, 643)","(249, 643)","(197, 668)","(249, 665)","(189, 626)","(245, 631)"
"(199, 207)","(194, 198)","(190, 198)","(186, 198)","(206, 198)","(210, 199)","(214, 199)","(183, 205)","(221, 206)","(193, 217)","(206, 217)","(135, 268)","(261, 275)","(54, 279)","(343, 303)","(-9, 260)","(419, 309)","(-31, 261)","(436, 315)","(-26, 257)","(437, 312)","(-16, 260)","(430, 312)","(189, 456)","(243, 453)","(193, 547)","(240, 548)","(195, 645)","(248, 645)","(197, 671)","(248, 667)","(189, 626)","(245, 631)"
"(199, 207)","(194, 198)","(190, 198)","(186, 198)","(206, 199)","(210, 199)","(214, 199)","(182, 205)","(221, 206)","(193, 217)","(206, 217)","(135, 268)","(262, 275)","(53, 281)","(342, 302)","(-20, 260)","(417, 305)","(-44, 261)","(434, 310)","(-38, 257)","(434, 305)","(-28, 260)","(427, 305)","(189, 456)","(242, 453)","(193, 547)","(239, 549)","(194, 646)","(248, 646)","(197, 672)","(247, 668)","(183, 635)","(244, 630)"
"(199, 208)","(194, 199)","(190, 199)","(186, 199)","(206, 199)","(210, 199)","(214, 199)","(183, 205)","(220, 206)","(194, 217)","(206, 217)","(136, 268)","(262, 275)","(56, 280)","(341, 301)","(-14, 258)","(417, 300)","(-36, 260)","(434, 304)","(-30, 256)","(433, 300)","(-20, 259)","(427, 300)","(190, 455)","(242, 453)","(194, 547)","(239, 549)","(194, 646)","(248, 646)","(197, 672)","(246, 668)","(181, 638)","(244, 631)"
"(200, 208)","(195, 199)","(191, 199)","(188, 199)","(206, 200)","(210, 200)","(214, 200)","(184, 205)","(220, 207)","(195, 217)","(207, 218)","(137, 267)","(262, 274)","(56, 276)","(340, 296)","(-24, 253)","(416, 292)","(-48, 256)","(433, 296)","(-42, 251)","(432, 291)","(-31, 254)","(426, 292)","(193, 455)","(241, 452)","(194, 547)","(239, 549)","(194, 646)","(247, 646)","(198, 672)","(244, 668)","(182, 640)","(244, 630)"
"(201, 209)","(196, 200)","(192, 200)","(189, 200)","(207, 200)","(211, 200)","(214, 200)","(185, 206)","(220, 207)","(195, 217)","(207, 218)","(140, 267)","(264, 274)","(57, 272)","(340, 293)","(-14, 251)","(415, 284)","(-36, 254)","(432, 286)","(-29, 250)","(431, 279)","(-20, 253)","(424, 281)","(195, 453)","(241, 451)","(196, 548)","(239, 549)","(195, 646)","(246, 646)","(199, 672)","(244, 670)","(182, 643)","(243, 630)"
"(201, 209)","(196, 200)","(193, 200)","(190, 200)","(207, 200)","(211, 200)","(215, 200)","(186, 206)","(221, 207)","(196, 217)","(207, 218)","(142, 266)","(265, 273)","(58, 244)","(339, 286)","(-8, 238)","(414, 276)","(-31, 229)","(431, 274)","(-24, 225)","(431, 268)","(-15, 229)","(423, 270)","(197, 453)","(241, 451)","(198, 548)","(239, 549)","(195, 647)","(246, 648)","(199, 674)","(244, 671)","(182, 645)","(243, 630)"
"(201, 208)","(196, 200)","(193, 200)","(189, 200)","(207, 200)","(211, 200)","(215, 200)","(186, 206)","(221, 207)","(196, 217)","(208, 217)","(142, 265)","(267, 272)","(64, 254)","(341, 278)","(-3, 232)","(413, 258)","(-23, 229)","(431, 259)","(-21, 222)","(430, 254)","(-9, 226)","(423, 255)","(196, 452)","(245, 449)","(198, 548)","(240, 549)","(195, 647)","(246, 648)","(199, 674)","(244, 671)","(186, 632)","(241, 629)"
"(203, 208)","(198, 200)","(194, 200)","(191, 200)","(210, 200)","(214, 200)","(218, 200)","(186, 206)","(224, 207)","(197, 217)","(210, 217)","(142, 265)","(269, 271)","(65, 254)","(342, 271)","(1, 216)","(411, 243)","(-12, 208)","(429, 242)","(-6, 201)","(428, 235)","(-1, 204)","(421, 236)","(194, 453)","(247, 450)","(197, 548)","(242, 550)","(194, 647)","(247, 649)","(198, 674)","(244, 671)","(189, 627)","(241, 629)"
"(204, 208)","(200, 199)","(196, 200)","(192, 200)","(212, 199)","(216, 200)","(220, 200)","(187, 206)","(226, 207)","(198, 217)","(211, 217)","(141, 265)","(269, 268)","(64, 247)","(342, 265)","(20, 208)","(409, 227)","(21, 189)","(426, 221)","(23, 196)","(425, 212)","(24, 198)","(419, 216)","(194, 453)","(250, 451)","(197, 549)","(244, 550)","(194, 647)","(248, 650)","(197, 675)","(244, 672)","(182, 638)","(243, 629)"
"(206, 208)","(202, 199)","(198, 199)","(194, 200)","(214, 199)","(218, 199)","(222, 199)","(188, 206)","(227, 206)","(200, 217)","(213, 217)","(140, 264)","(270, 266)","(63, 234)","(342, 249)","(34, 196)","(407, 205)","(42, 173)","(424, 199)","(52, 175)","(423, 191)","(57, 182)","(417, 196)","(194, 453)","(250, 451)","(197, 549)","(245, 550)","(194, 648)","(248, 650)","(197, 676)","(244, 674)","(180, 642)","(244, 629)"
"(207, 207)","(203, 199)","(198, 199)","(194, 199)","(215, 198)","(219, 198)","(223, 199)","(188, 206)","(228, 206)","(201, 217)","(214, 216)","(140, 264)","(273, 264)","(68, 232)","(342, 241)","(45, 181)","(402, 189)","(37, 167)","(419, 180)","(48, 163)","(417, 173)","(52, 166)","(410, 178)","(194, 454)","(255, 451)","(197, 549)","(247, 550)","(194, 648)","(249, 651)","(197, 676)","(244, 675)","(178, 645)","(245, 629)"
"(207, 208)","(202, 200)","(198, 200)","(194, 200)","(215, 199)","(219, 199)","(223, 199)","(189, 206)","(228, 206)","(201, 218)","(214, 218)","(141, 264)","(274, 263)","(75, 229)","(341, 224)","(50, 167)","(394, 174)","(38, 151)","(409, 162)","(48, 145)","(405, 156)","(53, 148)","(398, 162)","(194, 455)","(256, 453)","(197, 551)","(250, 552)","(194, 649)","(250, 653)","(197, 676)","(245, 676)","(178, 648)","(248, 629)"
"(207, 211)","(203, 203)","(199, 203)","(195, 203)","(214, 203)","(219, 203)","(222, 204)","(189, 208)","(228, 208)","(202, 219)","(214, 220)","(142, 264)","(274, 263)","(82, 226)","(334, 217)","(61, 160)","(379, 163)","(48, 144)","(391, 151)","(60, 140)","(386, 146)","(65, 144)","(381, 152)","(193, 456)","(255, 454)","(197, 551)","(250, 553)","(194, 649)","(250, 653)","(196, 676)","(245, 675)","(178, 649)","(249, 630)"
"(210, 214)","(206, 207)","(202, 206)","(198, 207)","(216, 207)","(220, 207)","(223, 208)","(191, 210)","(228, 211)","(205, 222)","(216, 223)","(144, 264)","(274, 263)","(88, 225)","(329, 212)","(72, 155)","(365, 156)","(60, 136)","(380, 140)","(70, 131)","(371, 138)","(76, 139)","(363, 146)","(193, 456)","(255, 456)","(197, 552)","(250, 554)","(194, 649)","(250, 653)","(196, 676)","(245, 675)","(178, 651)","(250, 631)"
"(210, 217)","(205, 210)","(202, 210)","(198, 210)","(216, 211)","(220, 211)","(224, 212)","(191, 213)","(229, 215)","(205, 225)","(216, 226)","(149, 264)","(272, 263)","(100, 225)","(322, 211)","(85, 157)","(342, 152)","(75, 137)","(361, 136)","(85, 135)","(347, 136)","(92, 143)","(338, 145)","(193, 456)","(255, 456)","(197, 552)","(250, 554)","(194, 648)","(250, 653)","(195, 675)","(245, 674)","(179, 652)","(252, 633)"
"(212, 219)","(207, 212)","(203, 212)","(198, 212)","(218, 213)","(221, 213)","(225, 214)","(192, 216)","(230, 217)","(208, 227)","(219, 229)","(151, 265)","(270, 264)","(106, 222)","(310, 211)","(96, 152)","(327, 144)","(84, 130)","(341, 124)","(96, 126)","(329, 123)","(103, 134)","(323, 130)","(193, 457)","(255, 456)","(197, 554)","(251, 554)","(194, 648)","(251, 653)","(196, 674)","(245, 673)","(191, 645)","(253, 635)"
"(212, 218)","(207, 211)","(203, 211)","(198, 211)","(218, 212)","(222, 212)","(226, 213)","(192, 216)","(231, 217)","(208, 226)","(220, 228)","(151, 264)","(269, 263)","(110, 212)","(305, 204)","(107, 145)","(315, 137)","(96, 123)","(327, 116)","(110, 120)","(315, 116)","(115, 125)","(310, 123)","(193, 457)","(254, 456)","(196, 554)","(251, 555)","(194, 648)","(251, 652)","(196, 672)","(245, 672)","(196, 641)","(253, 638)"
"(213, 218)","(207, 211)","(203, 211)","(199, 211)","(219, 211)","(223, 212)","(226, 212)","(192, 216)","(232, 216)","(209, 226)","(221, 228)","(152, 263)","(268, 262)","(119, 207)","(303, 198)","(122, 132)","(305, 131)","(113, 112)","(312, 110)","(127, 109)","(300, 112)","(133, 116)","(295, 119)","(192, 456)","(254, 456)","(196, 553)","(251, 555)","(194, 648)","(251, 652)","(196, 670)","(245, 672)","(197, 638)","(253, 640)"
"(213, 218)","(207, 211)","(203, 211)","(199, 211)","(219, 211)","(222, 211)","(226, 212)","(192, 215)","(232, 216)","(208, 226)","(221, 227)","(152, 264)","(267, 262)","(125, 200)","(302, 192)","(142, 132)","(293, 135)","(143, 109)","(296, 116)","(153, 109)","(280, 122)","(156, 118)","(274, 133)","(192, 457)","(254, 456)","(196, 554)","(251, 555)","(194, 648)","(251, 652)","(196, 669)","(245, 673)","(198, 636)","(253, 641)"
"(212, 216)","(207, 209)","(203, 209)","(199, 209)","(218, 210)","(222, 210)","(226, 210)","(192, 215)","(232, 216)","(208, 225)","(220, 226)","(152, 263)","(266, 261)","(126, 191)","(298, 190)","(149, 125)","(283, 132)","(153, 102)","(285, 114)","(161, 104)","(270, 122)","(162, 111)","(268, 136)","(192, 457)","(254, 456)","(196, 554)","(252, 556)","(194, 647)","(251, 652)","(196, 668)","(245, 672)","(198, 636)","(253, 642)"
"(212, 214)","(207, 208)","(203, 208)","(199, 208)","(219, 208)","(223, 209)","(227, 209)","(192, 215)","(232, 215)","(208, 224)","(220, 225)","(153, 260)","(266, 260)","(128, 184)","(294, 188)","(154, 125)","(280, 129)","(157, 100)","(284, 112)","(166, 104)","(269, 120)","(168, 116)","(265, 130)","(192, 457)","(253, 456)","(197, 554)","(252, 556)","(194, 648)","(251, 653)","(196, 668)","(245, 673)","(198, 636)","(253, 644)"
"(213, 214)","(208, 208)","(203, 208)","(199, 208)","(220, 208)","(224, 209)","(228, 209)","(193, 215)","(233, 214)","(208, 224)","(221, 225)","(156, 258)","(266, 258)","(130, 185)","(294, 184)","(155, 119)","(279, 126)","(157, 96)","(283, 108)","(166, 100)","(268, 115)","(168, 109)","(263, 126)","(192, 455)","(254, 455)","(197, 554)","(252, 556)","(194, 648)","(251, 654)","(196, 668)","(247, 675)","(198, 636)","(252, 644)"
"(213, 214)","(208, 208)","(203, 208)","(199, 208)","(220, 208)","(224, 208)","(228, 209)","(193, 215)","(234, 214)","(208, 223)","(221, 225)","(156, 256)","(266, 257)","(132, 184)","(294, 184)","(156, 121)","(279, 126)","(157, 96)","(283, 108)","(166, 100)","(270, 114)","(167, 108)","(265, 126)","(192, 454)","(254, 454)","(197, 554)","(253, 556)","(194, 648)","(251, 654)","(197, 669)","(247, 676)","(198, 637)","(251, 645)"
"(213, 214)","(208, 207)","(203, 208)","(199, 208)","(220, 208)","(224, 208)","(229, 209)","(193, 215)","(234, 214)","(208, 224)","(221, 225)","(157, 256)","(266, 257)","(129, 187)","(295, 186)","(155, 123)","(279, 126)","(158, 97)","(281, 109)","(166, 99)","(269, 114)","(168, 110)","(265, 125)","(191, 453)","(254, 454)","(197, 554)","(253, 557)","(195, 649)","(252, 658)","(197, 670)","(248, 678)","(198, 639)","(250, 647)"
"(214, 214)","(208, 207)","(204, 208)","(200, 208)","(220, 208)","(225, 208)","(229, 209)","(194, 215)","(235, 214)","(208, 224)","(221, 225)","(157, 256)","(267, 257)","(128, 190)","(295, 189)","(151, 125)","(284, 126)","(154, 99)","(288, 108)","(164, 100)","(274, 112)","(165, 112)","(270, 121)","(191, 453)","(255, 454)","(197, 553)","(253, 557)","(195, 648)","(252, 658)","(197, 668)","(248, 678)","(198, 639)","(250, 647)"
"(214, 215)","(209, 208)","(205, 208)","(200, 209)","(221, 209)","(225, 209)","(230, 209)","(194, 216)","(236, 215)","(209, 225)","(222, 226)","(157, 257)","(268, 257)","(128, 191)","(296, 190)","(150, 127)","(287, 130)","(153, 101)","(292, 112)","(162, 103)","(277, 115)","(164, 113)","(272, 123)","(191, 454)","(255, 455)","(195, 556)","(253, 557)","(195, 648)","(252, 657)","(197, 668)","(248, 678)","(197, 639)","(250, 647)"
"(214, 218)","(209, 210)","(205, 210)","(201, 210)","(221, 210)","(225, 211)","(230, 211)","(194, 217)","(236, 216)","(209, 229)","(222, 229)","(157, 258)","(269, 258)","(127, 193)","(302, 193)","(146, 128)","(291, 130)","(148, 101)","(296, 114)","(157, 105)","(281, 117)","(159, 114)","(274, 126)","(191, 456)","(256, 456)","(195, 556)","(254, 557)","(195, 648)","(252, 657)","(197, 668)","(248, 678)","(197, 639)","(250, 647)"
"(214, 218)","(209, 210)","(205, 210)","(201, 210)","(221, 210)","(225, 211)","(230, 211)","(194, 217)","(237, 216)","(210, 228)","(222, 229)","(157, 258)","(272, 258)","(123, 196)","(308, 196)","(134, 129)","(305, 132)","(125, 103)","(310, 113)","(145, 106)","(298, 114)","(151, 115)","(291, 124)","(191, 456)","(256, 456)","(195, 555)","(254, 558)","(195, 648)","(252, 657)","(197, 668)","(248, 678)","(197, 639)","(249, 647)"
"(215, 218)","(209, 210)","(205, 211)","(200, 211)","(221, 210)","(225, 211)","(230, 211)","(194, 218)","(237, 216)","(210, 229)","(223, 229)","(157, 260)","(273, 260)","(116, 208)","(315, 197)","(114, 141)","(316, 133)","(99, 119)","(323, 114)","(121, 118)","(311, 116)","(128, 123)","(306, 125)","(191, 458)","(256, 459)","(193, 557)","(254, 558)","(195, 649)","(251, 657)","(197, 668)","(247, 678)","(196, 639)","(249, 647)"
"(214, 223)","(209, 214)","(205, 214)","(200, 215)","(221, 214)","(225, 214)","(229, 215)","(195, 222)","(237, 220)","(209, 233)","(222, 233)","(157, 266)","(275, 263)","(109, 221)","(320, 201)","(97, 154)","(320, 142)","(84, 131)","(333, 123)","(100, 131)","(318, 120)","(108, 139)","(312, 128)","(191, 462)","(256, 462)","(195, 557)","(255, 559)","(195, 649)","(251, 657)","(197, 668)","(247, 678)","(196, 636)","(249, 644)"
"(214, 226)","(208, 216)","(204, 217)","(200, 218)","(220, 217)","(224, 217)","(228, 218)","(195, 224)","(237, 221)","(209, 235)","(222, 235)","(158, 268)","(277, 263)","(106, 233)","(330, 207)","(82, 163)","(349, 147)","(71, 142)","(365, 126)","(84, 137)","(355, 124)","(91, 146)","(345, 131)","(191, 463)","(256, 463)","(195, 556)","(255, 559)","(194, 649)","(251, 658)","(196, 669)","(247, 680)","(196, 636)","(249, 644)"
"(215, 225)","(210, 216)","(207, 216)","(203, 217)","(221, 217)","(225, 217)","(229, 218)","(198, 223)","(237, 221)","(211, 234)","(223, 235)","(158, 267)","(277, 263)","(98, 237)","(336, 221)","(74, 173)","(371, 156)","(63, 152)","(388, 138)","(74, 150)","(382, 131)","(80, 158)","(373, 139)","(191, 464)","(256, 464)","(194, 556)","(255, 560)","(194, 649)","(251, 658)","(196, 670)","(247, 680)","(178, 646)","(249, 642)"
"(216, 225)","(212, 216)","(208, 216)","(205, 217)","(222, 216)","(225, 217)","(229, 217)","(199, 223)","(237, 221)","(211, 234)","(223, 235)","(156, 268)","(276, 263)","(93, 241)","(341, 229)","(61, 188)","(383, 168)","(49, 169)","(399, 153)","(60, 166)","(391, 147)","(65, 173)","(385, 153)","(191, 466)","(256, 466)","(195, 556)","(255, 561)","(194, 649)","(250, 658)","(196, 669)","(246, 680)","(173, 646)","(249, 640)"
"(219, 224)","(215, 216)","(212, 216)","(208, 216)","(225, 216)","(228, 216)","(231, 217)","(201, 222)","(239, 221)","(213, 233)","(224, 235)","(156, 268)","(276, 263)","(89, 250)","(348, 240)","(53, 204)","(401, 182)","(39, 187)","(417, 170)","(48, 182)","(412, 162)","(53, 190)","(407, 167)","(191, 466)","(257, 466)","(195, 556)","(255, 561)","(194, 651)","(251, 658)","(196, 673)","(246, 680)","(178, 639)","(248, 639)"
"(223, 224)","(219, 214)","(215, 214)","(211, 215)","(228, 215)","(231, 216)","(235, 216)","(204, 220)","(240, 220)","(217, 232)","(227, 233)","(156, 271)","(277, 265)","(86, 258)","(353, 251)","(46, 218)","(407, 201)","(30, 202)","(424, 188)","(38, 198)","(419, 180)","(44, 206)","(413, 185)","(193, 467)","(257, 466)","(198, 557)","(255, 561)","(195, 651)","(250, 658)","(196, 673)","(246, 680)","(186, 633)","(247, 637)"
"(226, 223)","(221, 214)","(218, 214)","(214, 214)","(231, 215)","(234, 216)","(237, 216)","(207, 220)","(241, 220)","(221, 232)","(231, 233)","(157, 276)","(278, 269)","(89, 272)","(357, 260)","(42, 237)","(416, 220)","(26, 223)","(436, 208)","(32, 219)","(433, 200)","(38, 226)","(427, 205)","(196, 470)","(257, 468)","(200, 556)","(256, 561)","(196, 649)","(252, 658)","(197, 669)","(248, 680)","(191, 631)","(248, 637)"
"(229, 223)","(223, 214)","(220, 214)","(216, 214)","(233, 215)","(236, 216)","(239, 216)","(209, 220)","(242, 220)","(224, 232)","(234, 233)","(159, 278)","(278, 271)","(87, 279)","(360, 269)","(36, 248)","(422, 235)","(18, 238)","(440, 226)","(23, 233)","(440, 218)","(30, 238)","(434, 222)","(199, 469)","(258, 468)","(203, 556)","(256, 561)","(197, 649)","(252, 658)","(199, 670)","(249, 679)","(194, 631)","(248, 637)"
"(231, 222)","(225, 213)","(222, 213)","(218, 213)","(235, 214)","(238, 214)","(241, 214)","(210, 218)","(243, 219)","(225, 231)","(235, 232)","(160, 277)","(280, 273)","(82, 283)","(360, 274)","(32, 268)","(428, 247)","(17, 261)","(447, 244)","(23, 254)","(448, 238)","(30, 260)","(440, 240)","(200, 469)","(260, 467)","(203, 556)","(257, 561)","(197, 652)","(253, 656)","(199, 675)","(249, 678)","(195, 631)","(249, 635)"
"(230, 221)","(225, 211)","(221, 211)","(217, 211)","(235, 212)","(238, 212)","(241, 212)","(210, 216)","(243, 218)","(225, 229)","(235, 230)","(160, 276)","(280, 273)","(80, 292)","(359, 281)","(23, 281)","(429, 257)","(7, 275)","(452, 257)","(11, 268)","(451, 252)","(17, 272)","(442, 253)","(201, 468)","(260, 465)","(204, 556)","(257, 560)","(198, 653)","(254, 656)","(200, 676)","(249, 677)","(196, 631)","(249, 635)"
"(230, 220)","(225, 210)","(221, 210)","(217, 210)","(236, 211)","(239, 211)","(242, 212)","(210, 215)","(244, 218)","(224, 228)","(235, 230)","(160, 276)","(280, 275)","(79, 302)","(360, 290)","(24, 293)","(435, 274)","(5, 289)","(455, 272)","(11, 282)","(454, 267)","(17, 285)","(447, 269)","(202, 468)","(260, 465)","(205, 556)","(258, 560)","(199, 654)","(255, 656)","(200, 677)","(251, 677)","(196, 632)","(249, 636)"
"(233, 220)","(229, 210)","(225, 210)","(222, 210)","(238, 211)","(240, 211)","(243, 212)","(214, 215)","(244, 218)","(228, 229)","(236, 230)","(162, 277)","(280, 275)","(81, 313)","(360, 294)","(28, 309)","(437, 288)","(10, 307)","(458, 289)","(15, 299)","(458, 283)","(21, 301)","(450, 285)","(206, 466)","(260, 464)","(206, 556)","(259, 560)","(199, 655)","(256, 656)","(200, 677)","(252, 677)","(188, 644)","(251, 637)"
"(233, 220)","(229, 210)","(226, 210)","(223, 210)","(237, 211)","(240, 212)","(243, 212)","(215, 215)","(242, 218)","(227, 229)","(236, 230)","(164, 278)","(280, 277)","(81, 320)","(322, 302)","(45, 332)","(364, 297)","(26, 341)","(381, 300)","(30, 332)","(376, 292)","(41, 332)","(366, 295)","(211, 465)","(255, 464)","(209, 556)","(249, 560)","(199, 655)","(251, 656)","(201, 677)","(249, 678)","(183, 653)","(235, 659)"
"(232, 220)","(228, 210)","(225, 210)","(222, 210)","(237, 211)","(239, 212)","(242, 212)","(215, 215)","(241, 218)","(227, 229)","(236, 230)","(164, 280)","(280, 278)","(82, 326)","(327, 315)","(24, 343)","(404, 314)","(18, 345)","(427, 320)","(20, 336)","(417, 315)","(29, 337)","(381, 319)","(213, 465)","(252, 464)","(210, 556)","(247, 560)","(199, 653)","(248, 656)","(201, 676)","(248, 678)","(183, 652)","(230, 660)"
"(234, 221)","(231, 211)","(228, 210)","(225, 210)","(238, 212)","(240, 212)","(242, 212)","(217, 215)","(241, 218)","(229, 229)","(236, 230)","(165, 282)","(280, 280)","(89, 336)","(338, 327)","(20, 359)","(414, 334)","(21, 365)","(430, 335)","(23, 356)","(424, 329)","(31, 356)","(403, 329)","(214, 465)","(251, 464)","(210, 556)","(242, 559)","(202, 648)","(246, 653)","(204, 672)","(248, 676)","(184, 653)","(224, 660)"
"(236, 221)","(232, 211)","(229, 211)","(227, 210)","(238, 212)","(240, 212)","(242, 212)","(218, 216)","(236, 218)","(230, 230)","(236, 231)","(164, 283)","(279, 282)","(101, 339)","(326, 343)","(41, 365)","(333, 359)","(25, 384)","(342, 367)","(25, 373)","(330, 359)","(35, 372)","(323, 359)","(214, 465)","(244, 464)","(211, 555)","(239, 557)","(205, 646)","(244, 650)","(211, 671)","(248, 672)","(185, 652)","(220, 659)"
"(240, 222)","(237, 212)","(236, 211)","(235, 211)","(238, 212)","(240, 212)","(240, 213)","(227, 216)","(230, 218)","(236, 231)","(237, 232)","(264, 283)","(170, 283)","(335, 341)","(116, 349)","(400, 365)","(60, 380)","(421, 377)","(45, 392)","(417, 373)","(49, 387)","(409, 372)","(56, 385)","(234, 463)","(219, 464)","(235, 555)","(222, 553)","(233, 642)","(228, 642)","(240, 660)","(221, 651)","(220, 655)","(190, 658)"
"(239, 223)","(238, 213)","(238, 213)","(238, 212)","(237, 213)","(236, 213)","(233, 213)","(232, 217)","(221, 218)","(236, 232)","(235, 233)","(270, 287)","(159, 288)","(333, 346)","(107, 360)","(394, 385)","(54, 391)","(413, 402)","(39, 406)","(405, 399)","(38, 402)","(398, 394)","(46, 401)","(239, 463)","(208, 465)","(240, 556)","(215, 553)","(237, 641)","(225, 642)","(242, 659)","(227, 656)","(231, 664)","(190, 660)"
"(240, 225)","(238, 214)","(238, 214)","(237, 214)","(237, 214)","(236, 214)","(234, 214)","(229, 218)","(224, 219)","(237, 235)","(235, 235)","(227, 288)","(205, 287)","(244, 366)","(180, 368)","(277, 410)","(139, 415)","(287, 424)","(131, 426)","(289, 418)","(126, 424)","(284, 414)","(130, 423)","(236, 466)","(216, 468)","(233, 555)","(221, 553)","(229, 642)","(227, 642)","(235, 660)","(230, 659)","(222, 664)","(199, 657)"
"(240, 228)","(237, 217)","(237, 216)","(236, 216)","(237, 217)","(236, 217)","(234, 216)","(224, 219)","(225, 221)","(236, 238)","(236, 239)","(161, 292)","(248, 289)","(138, 371)","(298, 364)","(145, 413)","(350, 414)","(144, 421)","(361, 428)","(156, 418)","(358, 421)","(157, 415)","(354, 417)","(194, 466)","(231, 469)","(209, 553)","(233, 555)","(207, 642)","(244, 643)","(207, 659)","(244, 660)","(204, 650)","(243, 645)"
"(241, 231)","(239, 219)","(239, 219)","(239, 219)","(237, 219)","(235, 219)","(232, 218)","(227, 222)","(219, 222)","(238, 242)","(235, 242)","(247, 294)","(165, 292)","(280, 370)","(141, 373)","(332, 421)","(133, 432)","(345, 440)","(129, 451)","(342, 435)","(134, 447)","(336, 429)","(144, 437)","(232, 467)","(196, 470)","(236, 555)","(207, 555)","(241, 641)","(208, 640)","(243, 652)","(212, 648)","(244, 670)","(209, 678)"
"(240, 233)","(238, 221)","(238, 221)","(238, 221)","(237, 221)","(235, 221)","(232, 220)","(225, 224)","(221, 225)","(238, 244)","(235, 244)","(164, 295)","(222, 294)","(146, 379)","(268, 378)","(166, 439)","(314, 438)","(164, 459)","(320, 461)","(177, 454)","(314, 455)","(182, 445)","(312, 447)","(200, 470)","(207, 471)","(214, 555)","(215, 556)","(224, 641)","(211, 640)","(225, 655)","(219, 650)","(239, 665)","(226, 672)"
"(239, 234)","(238, 223)","(238, 223)","(238, 223)","(232, 222)","(228, 222)","(224, 221)","(229, 227)","(210, 226)","(237, 245)","(230, 245)","(228, 296)","(172, 293)","(255, 379)","(164, 386)","(294, 440)","(153, 443)","(307, 466)","(159, 466)","(305, 466)","(164, 460)","(295, 455)","(165, 454)","(209, 467)","(186, 471)","(224, 557)","(203, 557)","(238, 639)","(209, 639)","(241, 651)","(209, 646)","(247, 673)","(210, 676)"
"(239, 233)","(237, 222)","(237, 222)","(237, 222)","(232, 222)","(229, 222)","(225, 221)","(228, 227)","(213, 226)","(237, 244)","(230, 244)","(194, 295)","(202, 295)","(230, 383)","(189, 397)","(253, 451)","(217, 461)","(254, 474)","(241, 483)","(256, 470)","(234, 478)","(252, 461)","(219, 471)","(202, 466)","(200, 466)","(219, 556)","(208, 557)","(231, 640)","(212, 640)","(229, 652)","(219, 650)","(236, 671)","(222, 671)"
"(236, 233)","(236, 222)","(236, 222)","(237, 222)","(229, 222)","(226, 221)","(223, 221)","(228, 226)","(210, 225)","(234, 244)","(226, 244)","(163, 294)","(206, 290)","(166, 395)","(246, 403)","(212, 448)","(261, 452)","(196, 458)","(277, 476)","(234, 459)","(276, 469)","(234, 454)","(270, 461)","(193, 466)","(205, 466)","(204, 556)","(224, 559)","(203, 642)","(238, 641)","(198, 661)","(233, 657)","(235, 652)","(264, 662)"
"(237, 233)","(236, 221)","(236, 221)","(237, 221)","(230, 221)","(226, 221)","(223, 221)","(227, 225)","(210, 224)","(234, 243)","(227, 244)","(192, 288)","(190, 287)","(203, 387)","(182, 398)","(233, 449)","(213, 449)","(236, 468)","(229, 465)","(242, 462)","(224, 460)","(238, 455)","(220, 454)","(195, 463)","(202, 466)","(206, 556)","(223, 567)","(203, 642)","(238, 644)","(193, 664)","(226, 665)","(246, 652)","(269, 661)"
"(239, 233)","(237, 221)","(237, 221)","(237, 221)","(230, 221)","(226, 221)","(224, 221)","(227, 224)","(211, 223)","(235, 243)","(228, 243)","(200, 285)","(186, 282)","(201, 383)","(152, 382)","(225, 443)","(188, 441)","(228, 461)","(195, 458)","(233, 458)","(201, 453)","(230, 451)","(197, 448)","(196, 458)","(201, 461)","(208, 555)","(223, 566)","(202, 643)","(237, 650)","(190, 667)","(224, 671)","(243, 654)","(266, 662)"
"(241, 232)","(237, 221)","(237, 220)","(237, 220)","(231, 220)","(226, 220)","(224, 220)","(227, 223)","(211, 222)","(236, 243)","(229, 243)","(201, 283)","(186, 281)","(201, 381)","(146, 369)","(223, 444)","(177, 441)","(224, 463)","(181, 462)","(233, 460)","(189, 458)","(223, 452)","(186, 452)","(199, 457)","(198, 461)","(209, 553)","(222, 560)","(202, 643)","(233, 652)","(189, 667)","(222, 673)","(240, 663)","(258, 667)"
"(242, 232)","(238, 220)","(238, 220)","(238, 220)","(232, 220)","(228, 220)","(225, 220)","(226, 222)","(212, 222)","(236, 242)","(230, 242)","(200, 281)","(190, 281)","(175, 371)","(156, 370)","(205, 439)","(186, 438)","(207, 457)","(186, 459)","(214, 454)","(192, 455)","(210, 448)","(189, 450)","(195, 456)","(200, 461)","(208, 552)","(222, 563)","(194, 644)","(226, 665)","(183, 667)","(213, 685)","(237, 663)","(265, 678)"
"(243, 232)","(239, 220)","(239, 220)","(239, 220)","(234, 220)","(230, 220)","(226, 220)","(227, 222)","(212, 222)","(237, 242)","(231, 242)","(200, 279)","(186, 281)","(174, 367)","(150, 369)","(205, 437)","(178, 439)","(208, 454)","(180, 458)","(214, 451)","(186, 453)","(210, 445)","(184, 448)","(197, 457)","(200, 461)","(208, 556)","(221, 566)","(197, 648)","(216, 676)","(186, 670)","(199, 688)","(236, 667)","(260, 686)"
"(243, 232)","(239, 220)","(239, 220)","(239, 220)","(234, 220)","(230, 220)","(226, 220)","(227, 221)","(212, 221)","(237, 242)","(231, 242)","(201, 280)","(183, 281)","(173, 366)","(154, 373)","(205, 435)","(190, 438)","(208, 452)","(181, 457)","(214, 449)","(199, 451)","(211, 443)","(188, 445)","(198, 459)","(197, 464)","(209, 559)","(215, 571)","(195, 652)","(202, 674)","(182, 671)","(184, 693)","(236, 675)","(259, 694)"
"(242, 232)","(239, 220)","(239, 220)","(239, 220)","(234, 220)","(230, 220)","(226, 220)","(227, 221)","(211, 221)","(237, 242)","(231, 242)","(200, 281)","(182, 281)","(173, 366)","(151, 376)","(204, 435)","(195, 438)","(207, 452)","(195, 455)","(212, 448)","(205, 450)","(209, 443)","(198, 444)","(198, 462)","(196, 467)","(209, 568)","(213, 584)","(195, 661)","(200, 677)","(181, 679)","(180, 698)","(241, 686)","(257, 705)"
"(242, 231)","(239, 220)","(239, 220)","(239, 220)","(234, 220)","(230, 220)","(226, 219)","(227, 221)","(209, 220)","(237, 242)","(231, 242)","(200, 281)","(177, 285)","(183, 380)","(159, 398)","(209, 434)","(209, 438)","(212, 452)","(218, 455)","(217, 445)","(220, 444)","(214, 440)","(216, 439)","(197, 467)","(192, 472)","(208, 577)","(205, 590)","(194, 665)","(194, 681)","(180, 684)","(173, 703)","(241, 692)","(252, 711)"
"(242, 232)","(239, 220)","(239, 220)","(239, 220)","(233, 219)","(228, 219)","(224, 219)","(226, 220)","(207, 219)","(237, 243)","(230, 242)","(202, 283)","(168, 288)","(198, 386)","(152, 397)","(222, 436)","(209, 439)","(225, 451)","(220, 456)","(226, 445)","(221, 444)","(226, 440)","(217, 439)","(198, 474)","(189, 479)","(208, 582)","(202, 596)","(194, 666)","(193, 685)","(178, 684)","(172, 706)","(240, 696)","(249, 719)"
"(240, 232)","(237, 220)","(238, 220)","(238, 220)","(230, 219)","(226, 219)","(221, 218)","(225, 220)","(204, 219)","(236, 243)","(228, 242)","(205, 283)","(166, 288)","(209, 383)","(149, 393)","(228, 436)","(189, 440)","(230, 446)","(197, 457)","(234, 439)","(203, 445)","(231, 440)","(199, 440)","(198, 475)","(187, 478)","(209, 584)","(199, 594)","(195, 673)","(194, 689)","(178, 691)","(172, 707)","(240, 701)","(242, 724)"
"(237, 231)","(235, 219)","(236, 219)","(237, 219)","(228, 218)","(223, 218)","(218, 217)","(225, 220)","(201, 218)","(234, 242)","(225, 242)","(218, 285)","(157, 289)","(226, 376)","(142, 391)","(246, 435)","(178, 442)","(250, 447)","(185, 461)","(249, 445)","(194, 449)","(244, 441)","(191, 443)","(202, 474)","(180, 478)","(209, 584)","(189, 595)","(195, 675)","(188, 689)","(177, 693)","(164, 707)","(240, 712)","(232, 729)"
"(235, 230)","(234, 218)","(235, 218)","(235, 218)","(226, 218)","(221, 217)","(215, 217)","(223, 220)","(198, 218)","(233, 242)","(223, 242)","(226, 288)","(155, 290)","(238, 376)","(141, 390)","(264, 442)","(174, 441)","(268, 465)","(176, 465)","(266, 462)","(185, 455)","(260, 455)","(183, 448)","(212, 473)","(180, 478)","(216, 581)","(187, 593)","(195, 672)","(183, 689)","(178, 690)","(162, 705)","(242, 710)","(225, 731)"
"(234, 230)","(232, 218)","(233, 218)","(234, 218)","(223, 218)","(218, 217)","(213, 216)","(223, 220)","(197, 218)","(232, 242)","(223, 241)","(231, 290)","(155, 290)","(244, 377)","(138, 389)","(277, 447)","(180, 441)","(285, 472)","(184, 467)","(284, 469)","(192, 456)","(277, 462)","(190, 449)","(219, 473)","(182, 478)","(222, 579)","(188, 591)","(196, 670)","(184, 689)","(179, 688)","(166, 704)","(243, 708)","(226, 731)"
"(228, 229)","(228, 218)","(230, 218)","(232, 218)","(217, 217)","(211, 216)","(206, 216)","(223, 220)","(192, 218)","(229, 242)","(217, 241)","(236, 293)","(149, 290)","(250, 378)","(132, 389)","(276, 447)","(170, 443)","(286, 476)","(171, 470)","(283, 469)","(183, 460)","(274, 462)","(181, 453)","(221, 473)","(179, 478)","(222, 579)","(186, 592)","(195, 670)","(183, 691)","(178, 687)","(167, 705)","(241, 707)","(227, 737)"
"(226, 229)","(225, 217)","(227, 217)","(229, 217)","(215, 216)","(210, 216)","(204, 215)","(221, 220)","(191, 218)","(227, 242)","(215, 241)","(237, 294)","(148, 290)","(249, 378)","(126, 388)","(272, 446)","(169, 450)","(279, 478)","(174, 476)","(276, 475)","(186, 466)","(269, 467)","(185, 457)","(221, 473)","(180, 478)","(221, 580)","(186, 593)","(192, 669)","(183, 692)","(177, 687)","(167, 706)","(237, 708)","(228, 737)"
"(222, 228)","(222, 216)","(224, 216)","(226, 216)","(211, 216)","(206, 215)","(200, 215)","(220, 220)","(187, 218)","(223, 241)","(210, 240)","(245, 294)","(143, 291)","(264, 380)","(122, 388)","(284, 452)","(167, 451)","(296, 478)","(172, 477)","(292, 477)","(186, 467)","(280, 468)","(185, 458)","(224, 476)","(179, 480)","(220, 583)","(187, 594)","(191, 669)","(182, 690)","(177, 686)","(168, 705)","(234, 708)","(225, 734)"
"(216, 228)","(219, 216)","(222, 216)","(224, 216)","(207, 215)","(201, 215)","(196, 214)","(220, 219)","(183, 218)","(219, 240)","(205, 239)","(248, 294)","(141, 292)","(271, 380)","(117, 389)","(285, 453)","(161, 456)","(296, 476)","(171, 482)","(291, 476)","(185, 473)","(280, 467)","(183, 463)","(229, 476)","(178, 480)","(221, 586)","(186, 595)","(192, 670)","(181, 691)","(177, 686)","(167, 705)","(234, 711)","(221, 734)"
"(210, 227)","(215, 215)","(219, 215)","(222, 215)","(202, 214)","(197, 214)","(191, 214)","(220, 219)","(180, 218)","(214, 240)","(199, 239)","(249, 294)","(139, 292)","(274, 381)","(116, 389)","(284, 455)","(154, 455)","(293, 476)","(163, 480)","(288, 475)","(176, 471)","(279, 467)","(175, 462)","(230, 476)","(177, 480)","(222, 586)","(185, 595)","(192, 670)","(180, 689)","(177, 683)","(166, 704)","(231, 711)","(216, 732)"
"(210, 226)","(215, 214)","(218, 214)","(222, 214)","(202, 213)","(196, 213)","(191, 213)","(220, 218)","(178, 217)","(214, 239)","(199, 239)","(248, 294)","(139, 292)","(274, 381)","(115, 389)","(283, 453)","(155, 457)","(289, 474)","(164, 483)","(284, 473)","(177, 475)","(276, 465)","(174, 465)","(234, 474)","(177, 480)","(232, 586)","(186, 594)","(196, 670)","(181, 687)","(180, 683)","(167, 703)","(230, 712)","(215, 731)"
"(210, 225)","(215, 212)","(218, 212)","(222, 212)","(202, 212)","(196, 212)","(191, 212)","(220, 217)","(178, 216)","(214, 238)","(199, 238)","(250, 294)","(139, 292)","(278, 381)","(113, 389)","(283, 454)","(148, 457)","(289, 476)","(156, 484)","(284, 480)","(171, 477)","(274, 466)","(168, 466)","(233, 475)","(176, 480)","(230, 587)","(184, 594)","(198, 670)","(180, 689)","(183, 679)","(167, 704)","(230, 711)","(213, 732)"
"(211, 224)","(215, 211)","(219, 211)","(222, 211)","(202, 211)","(197, 211)","(191, 211)","(221, 216)","(179, 215)","(215, 238)","(200, 237)","(253, 294)","(138, 292)","(281, 381)","(112, 389)","(284, 454)","(142, 456)","(290, 476)","(151, 483)","(282, 480)","(165, 476)","(274, 466)","(163, 465)","(233, 475)","(174, 480)","(229, 586)","(182, 595)","(202, 669)","(181, 689)","(186, 677)","(168, 704)","(232, 709)","(215, 732)"
"(211, 224)","(216, 210)","(219, 210)","(223, 210)","(203, 210)","(197, 210)","(192, 210)","(221, 215)","(179, 214)","(215, 237)","(200, 236)","(256, 293)","(137, 292)","(284, 381)","(114, 390)","(289, 454)","(142, 463)","(294, 477)","(149, 489)","(285, 478)","(162, 482)","(278, 466)","(161, 472)","(237, 475)","(175, 479)","(232, 586)","(183, 595)","(209, 667)","(181, 689)","(193, 676)","(171, 703)","(236, 709)","(216, 731)"
"(211, 224)","(216, 209)","(220, 209)","(223, 209)","(203, 209)","(197, 209)","(192, 209)","(222, 214)","(179, 213)","(216, 237)","(201, 236)","(259, 290)","(137, 292)","(286, 381)","(114, 391)","(293, 454)","(142, 468)","(297, 476)","(149, 495)","(289, 478)","(161, 487)","(283, 465)","(161, 477)","(238, 475)","(175, 479)","(232, 586)","(183, 594)","(212, 663)","(181, 687)","(196, 671)","(173, 702)","(239, 705)","(217, 731)"
"(213, 224)","(218, 209)","(222, 209)","(225, 209)","(203, 209)","(197, 209)","(192, 209)","(225, 213)","(180, 213)","(218, 237)","(202, 236)","(262, 289)","(138, 292)","(289, 381)","(114, 393)","(294, 455)","(143, 472)","(299, 477)","(150, 499)","(290, 477)","(162, 493)","(284, 466)","(162, 482)","(241, 476)","(176, 479)","(237, 589)","(183, 595)","(215, 666)","(181, 687)","(203, 681)","(174, 702)","(244, 711)","(218, 731)"
"(214, 224)","(219, 209)","(223, 209)","(227, 209)","(204, 209)","(198, 209)","(192, 209)","(227, 213)","(180, 213)","(220, 237)","(203, 236)","(264, 289)","(138, 292)","(290, 381)","(114, 396)","(295, 457)","(141, 476)","(298, 479)","(147, 503)","(291, 478)","(160, 496)","(286, 469)","(160, 486)","(242, 477)","(176, 479)","(236, 595)","(184, 599)","(215, 673)","(181, 687)","(201, 683)","(174, 702)","(243, 723)","(214, 732)"
"(216, 224)","(222, 209)","(226, 209)","(230, 209)","(205, 209)","(199, 209)","(194, 209)","(231, 213)","(183, 213)","(223, 236)","(205, 236)","(271, 290)","(138, 292)","(295, 381)","(114, 396)","(297, 458)","(141, 476)","(301, 480)","(145, 503)","(294, 479)","(159, 496)","(290, 471)","(160, 486)","(247, 478)","(178, 479)","(242, 598)","(184, 601)","(235, 682)","(183, 688)","(222, 689)","(179, 701)","(253, 733)","(211, 735)"
"(226, 223)","(230, 208)","(234, 208)","(237, 208)","(215, 209)","(209, 208)","(203, 208)","(235, 213)","(192, 213)","(230, 235)","(213, 235)","(275, 290)","(139, 292)","(299, 382)","(115, 397)","(300, 459)","(141, 480)","(303, 481)","(146, 505)","(295, 480)","(160, 499)","(290, 473)","(161, 490)","(250, 479)","(178, 480)","(244, 606)","(184, 608)","(246, 696)","(186, 688)","(233, 708)","(185, 700)","(257, 746)","(208, 736)"
"(231, 222)","(235, 208)","(238, 208)","(241, 208)","(221, 208)","(215, 208)","(208, 208)","(239, 213)","(197, 212)","(234, 234)","(218, 234)","(279, 290)","(144, 292)","(303, 382)","(116, 397)","(304, 460)","(142, 479)","(307, 483)","(147, 505)","(299, 482)","(161, 499)","(295, 474)","(161, 489)","(254, 479)","(180, 480)","(248, 605)","(186, 609)","(257, 700)","(188, 690)","(249, 710)","(187, 702)","(272, 749)","(209, 740)"
"(232, 221)","(237, 208)","(241, 208)","(245, 208)","(223, 208)","(217, 208)","(211, 208)","(246, 213)","(201, 212)","(237, 234)","(221, 234)","(287, 291)","(150, 292)","(311, 385)","(119, 397)","(309, 461)","(143, 478)","(311, 483)","(148, 505)","(303, 482)","(161, 499)","(299, 474)","(162, 488)","(257, 483)","(183, 482)","(254, 613)","(188, 617)","(262, 713)","(189, 693)","(252, 721)","(188, 706)","(278, 764)","(210, 744)"
"(236, 221)","(242, 208)","(246, 208)","(250, 208)","(227, 208)","(220, 208)","(214, 208)","(252, 213)","(205, 212)","(242, 234)","(225, 234)","(290, 292)","(154, 292)","(314, 388)","(122, 397)","(310, 461)","(145, 480)","(310, 484)","(149, 507)","(302, 482)","(163, 501)","(299, 474)","(164, 491)","(259, 486)","(187, 484)","(260, 614)","(190, 616)","(269, 717)","(189, 694)","(258, 727)","(187, 707)","(283, 766)","(210, 742)"
"(241, 222)","(248, 209)","(252, 209)","(256, 209)","(232, 208)","(225, 208)","(219, 208)","(258, 214)","(210, 212)","(247, 235)","(230, 234)","(296, 294)","(157, 292)","(318, 391)","(126, 397)","(312, 463)","(145, 481)","(315, 488)","(149, 508)","(306, 484)","(163, 503)","(302, 476)","(164, 493)","(263, 489)","(190, 486)","(266, 618)","(195, 619)","(270, 719)","(193, 694)","(260, 730)","(190, 707)","(285, 770)","(212, 742)"
"(249, 223)","(255, 210)","(259, 210)","(262, 210)","(239, 209)","(233, 209)","(227, 208)","(263, 215)","(216, 212)","(254, 236)","(237, 235)","(300, 294)","(160, 292)","(322, 391)","(129, 397)","(322, 462)","(146, 482)","(324, 488)","(149, 509)","(315, 484)","(162, 504)","(312, 476)","(164, 494)","(267, 489)","(193, 486)","(268, 617)","(198, 617)","(267, 719)","(196, 694)","(256, 730)","(194, 707)","(284, 773)","(212, 741)"
"(254, 224)","(260, 210)","(264, 210)","(267, 211)","(245, 209)","(239, 209)","(232, 208)","(267, 215)","(221, 212)","(258, 236)","(242, 236)","(303, 294)","(165, 292)","(325, 392)","(133, 397)","(325, 463)","(146, 481)","(327, 487)","(148, 509)","(319, 484)","(162, 503)","(315, 476)","(164, 494)","(270, 490)","(196, 488)","(271, 621)","(200, 618)","(269, 721)","(200, 694)","(257, 730)","(199, 707)","(284, 773)","(212, 743)"
"(257, 225)","(264, 211)","(267, 211)","(271, 211)","(249, 209)","(242, 209)","(236, 208)","(271, 215)","(225, 211)","(261, 237)","(246, 236)","(306, 294)","(169, 292)","(328, 393)","(136, 396)","(329, 462)","(146, 480)","(329, 487)","(148, 509)","(322, 484)","(162, 504)","(320, 475)","(164, 494)","(272, 491)","(198, 489)","(276, 626)","(203, 621)","(271, 728)","(205, 698)","(259, 736)","(206, 709)","(288, 778)","(215, 747)"
"(256, 225)","(263, 211)","(268, 211)","(272, 211)","(248, 209)","(242, 208)","(237, 207)","(274, 215)","(227, 209)","(262, 237)","(246, 236)","(313, 295)","(174, 291)","(330, 397)","(139, 394)","(328, 469)","(146, 480)","(327, 495)","(149, 508)","(320, 490)","(162, 503)","(318, 483)","(165, 493)","(275, 496)","(200, 492)","(281, 633)","(205, 628)","(272, 733)","(208, 706)","(259, 741)","(212, 717)","(289, 783)","(216, 760)"
"(260, 225)","(268, 211)","(272, 211)","(276, 211)","(252, 209)","(246, 208)","(240, 207)","(279, 215)","(232, 209)","(266, 237)","(249, 236)","(317, 295)","(179, 288)","(330, 397)","(142, 391)","(328, 472)","(147, 480)","(325, 498)","(149, 509)","(318, 493)","(163, 504)","(315, 486)","(166, 494)","(276, 497)","(201, 493)","(282, 633)","(208, 629)","(273, 733)","(211, 710)","(260, 742)","(214, 720)","(290, 783)","(220, 765)"
"(261, 224)","(270, 210)","(275, 211)","(280, 211)","(253, 208)","(247, 207)","(242, 206)","(285, 215)","(235, 208)","(268, 237)","(250, 236)","(322, 295)","(182, 287)","(340, 398)","(143, 390)","(335, 477)","(148, 479)","(331, 502)","(149, 509)","(326, 499)","(163, 505)","(322, 491)","(167, 495)","(281, 497)","(204, 492)","(282, 634)","(210, 629)","(271, 731)","(209, 708)","(257, 740)","(211, 718)","(288, 785)","(220, 773)"
"(264, 222)","(272, 207)","(278, 207)","(283, 207)","(256, 205)","(250, 204)","(245, 203)","(288, 212)","(237, 205)","(271, 236)","(253, 234)","(328, 295)","(184, 287)","(347, 400)","(145, 390)","(341, 484)","(149, 480)","(338, 511)","(149, 510)","(330, 509)","(163, 507)","(327, 500)","(167, 497)","(282, 497)","(206, 492)","(286, 633)","(216, 629)","(273, 730)","(213, 701)","(258, 739)","(222, 711)","(287, 784)","(225, 767)"
"(273, 218)","(280, 202)","(284, 202)","(289, 202)","(265, 201)","(259, 200)","(253, 199)","(291, 207)","(243, 203)","(279, 233)","(262, 232)","(330, 295)","(187, 286)","(350, 401)","(147, 390)","(346, 491)","(150, 482)","(342, 519)","(149, 512)","(333, 517)","(164, 509)","(330, 508)","(167, 499)","(284, 500)","(207, 495)","(285, 638)","(219, 635)","(273, 732)","(216, 722)","(259, 742)","(219, 729)","(288, 783)","(229, 781)"
"(275, 216)","(282, 200)","(287, 200)","(291, 200)","(267, 199)","(261, 198)","(256, 198)","(295, 204)","(246, 201)","(282, 232)","(264, 231)","(336, 295)","(191, 286)","(355, 402)","(149, 390)","(354, 491)","(152, 483)","(353, 521)","(150, 513)","(343, 520)","(164, 511)","(340, 511)","(168, 501)","(287, 501)","(210, 496)","(287, 639)","(220, 636)","(274, 732)","(214, 718)","(260, 741)","(216, 726)","(291, 783)","(233, 785)"
"(274, 216)","(282, 200)","(287, 200)","(292, 200)","(267, 199)","(261, 199)","(256, 198)","(298, 204)","(248, 201)","(283, 232)","(265, 231)","(342, 296)","(194, 287)","(361, 406)","(153, 392)","(360, 495)","(157, 486)","(361, 527)","(154, 516)","(350, 525)","(168, 513)","(347, 516)","(172, 502)","(292, 504)","(214, 499)","(289, 640)","(220, 640)","(274, 734)","(219, 720)","(261, 742)","(219, 727)","(290, 786)","(231, 787)"
"(279, 216)","(287, 197)","(291, 197)","(296, 197)","(271, 198)","(265, 197)","(260, 197)","(299, 202)","(252, 200)","(287, 231)","(269, 230)","(345, 296)","(196, 287)","(366, 408)","(157, 396)","(364, 499)","(160, 489)","(368, 531)","(157, 521)","(354, 529)","(171, 516)","(350, 519)","(175, 505)","(294, 506)","(214, 501)","(288, 642)","(221, 648)","(277, 734)","(218, 744)","(264, 745)","(217, 751)","(294, 786)","(232, 815)"
"(278, 214)","(286, 195)","(291, 195)","(296, 195)","(270, 196)","(265, 196)","(260, 196)","(300, 200)","(251, 199)","(286, 230)","(268, 229)","(350, 296)","(196, 288)","(373, 411)","(156, 399)","(366, 505)","(160, 491)","(369, 535)","(158, 524)","(354, 531)","(172, 519)","(349, 521)","(175, 508)","(293, 512)","(213, 507)","(287, 648)","(219, 655)","(276, 738)","(219, 755)","(263, 752)","(218, 761)","(293, 789)","(233, 829)"
"(276, 213)","(285, 195)","(290, 194)","(295, 194)","(269, 195)","(264, 195)","(258, 195)","(300, 200)","(250, 199)","(285, 229)","(267, 228)","(350, 297)","(195, 290)","(375, 412)","(156, 403)","(370, 509)","(161, 496)","(376, 539)","(158, 529)","(358, 536)","(172, 525)","(352, 526)","(176, 512)","(293, 514)","(212, 508)","(288, 648)","(219, 653)","(278, 739)","(218, 748)","(264, 752)","(219, 767)","(295, 791)","(233, 823)"
"(278, 212)","(287, 194)","(292, 193)","(296, 193)","(271, 194)","(265, 194)","(260, 195)","(300, 198)","(250, 199)","(286, 228)","(269, 228)","(351, 298)","(195, 291)","(378, 414)","(156, 407)","(374, 515)","(162, 501)","(384, 547)","(159, 535)","(363, 544)","(173, 530)","(357, 534)","(177, 517)","(295, 516)","(212, 512)","(289, 663)","(218, 665)","(277, 777)","(220, 785)","(266, 793)","(223, 796)","(272, 844)","(231, 853)"
"(280, 210)","(288, 191)","(292, 190)","(297, 190)","(272, 192)","(266, 192)","(261, 192)","(300, 196)","(250, 198)","(288, 226)","(271, 226)","(352, 297)","(194, 292)","(381, 415)","(156, 410)","(380, 516)","(162, 506)","(389, 549)","(159, 539)","(370, 546)","(173, 534)","(362, 536)","(178, 521)","(297, 516)","(213, 513)","(285, 677)","(218, 675)","(277, 814)","(221, 811)","(268, 830)","(225, 824)","(275, 875)","(231, 892)"
"(279, 209)","(287, 190)","(292, 190)","(297, 190)","(271, 191)","(266, 191)","(260, 191)","(301, 196)","(250, 196)","(287, 225)","(269, 225)","(352, 298)","(194, 293)","(382, 418)","(155, 416)","(385, 518)","(163, 515)","(394, 551)","(159, 550)","(375, 549)","(174, 546)","(367, 539)","(179, 531)","(297, 523)","(214, 518)","(288, 675)","(219, 685)","(286, 801)","(226, 835)","(280, 817)","(228, 840)","(307, 858)","(230, 909)"
"(279, 206)","(286, 186)","(291, 186)","(296, 186)","(269, 187)","(263, 188)","(257, 188)","(300, 193)","(247, 194)","(286, 223)","(269, 223)","(353, 298)","(191, 296)","(384, 420)","(155, 424)","(387, 525)","(162, 523)","(397, 558)","(159, 559)","(378, 556)","(174, 556)","(369, 545)","(178, 541)","(301, 526)","(215, 525)","(301, 685)","(221, 700)","(305, 821)","(228, 844)","(299, 838)","(231, 853)","(329, 882)","(230, 921)"
"(278, 205)","(285, 185)","(290, 185)","(295, 185)","(267, 187)","(261, 187)","(255, 187)","(299, 192)","(244, 194)","(286, 223)","(268, 223)","(353, 298)","(186, 301)","(385, 423)","(155, 436)","(391, 530)","(162, 539)","(401, 563)","(159, 574)","(383, 561)","(174, 571)","(375, 551)","(178, 557)","(302, 529)","(216, 529)","(304, 685)","(224, 705)","(304, 807)","(231, 860)","(295, 822)","(232, 872)","(335, 865)","(233, 926)"
